profile_url,followed
https://www.instagram.com/swimming_coach_hamida/,yes
https://www.instagram.com/swimming_coachaylin/,yes
https://www.instagram.com/swimming_coach_n/,yes
https://www.instagram.com/swimming.coach.qatar/,yes
https://www.instagram.com/__swimming_coach/,yes
https://www.instagram.com/lukas190plus/,no
https://www.instagram.com/narendramodi/,no
https://www.instagram.com/nba/,no
https://www.instagram.com/kiausa/,no
https://www.instagram.com/wemby/,no
https://www.instagram.com/senecabuffalo/,no
https://www.instagram.com/comcom1k/,no
https://www.instagram.com/rhima.mrbt/,no
https://www.instagram.com/mashalinho/,no
https://www.instagram.com/lorenz_shidan/,no
https://www.instagram.com/monicaswierad/,no
https://www.instagram.com/hatzig040/,no
